{"v":"5.0.0","fr":60,"ip":0,"op":60,"w":24,"h":24,"ddd":0,"assets":[],"layers":[{"ddd":0,"ind":13,"ty":4,"nm":"Layer 13","ks":{"p":{"a":0,"k":[10.3,12.997]},"a":{"a":0,"k":[0,0,0]},"s":{"a":0,"k":[100,100,100]},"r":{"a":0,"k":0},"o":{"a":0,"k":100}},"ao":0,"shapes":[],"ip":0,"op":60,"st":0,"bm":0,"sr":1},{"ddd":0,"ind":12,"ty":4,"nm":"Layer 12","ks":{"p":{"a":0,"k":[12.89,7]},"a":{"a":0,"k":[0,0,0]},"s":{"a":0,"k":[100,100,100]},"r":{"a":0,"k":0},"o":{"a":0,"k":100}},"ao":0,"shapes":[],"ip":0,"op":60,"st":0,"bm":0,"sr":1},{"ddd":0,"ind":11,"ty":4,"nm":"Layer 11","ks":{"p":{"a":0,"k":[17.5,9]},"a":{"a":0,"k":[0,0,0]},"s":{"a":0,"k":[100,100,100]},"r":{"a":0,"k":0},"o":{"a":0,"k":100}},"ao":0,"shapes":[],"ip":0,"op":60,"st":0,"bm":0,"sr":1},{"ddd":0,"ind":10,"ty":4,"nm":"Layer 10","ks":{"p":{"a":0,"k":[12.5,11]},"a":{"a":0,"k":[0,0,0]},"s":{"a":0,"k":[100,100,100]},"r":{"a":0,"k":0},"o":{"a":0,"k":100}},"ao":0,"shapes":[],"ip":0,"op":60,"st":0,"bm":0,"sr":1},{"ddd":0,"ind":9,"ty":4,"nm":"Layer 9","ks":{"p":{"a":0,"k":[8.16,5]},"a":{"a":0,"k":[0,0,0]},"s":{"a":0,"k":[100,100,100]},"r":{"a":0,"k":0},"o":{"a":0,"k":100}},"ao":0,"shapes":[],"ip":0,"op":60,"st":0,"bm":0,"sr":1},{"ddd":0,"ind":8,"ty":4,"nm":"Layer 8","ks":{"p":{"a":0,"k":[16,17.04]},"a":{"a":0,"k":[0,0,0]},"s":{"a":0,"k":[100,100,100]},"r":{"a":0,"k":90},"o":{"a":0,"k":100}},"ao":0,"shapes":[],"ip":0,"op":60,"st":0,"bm":0,"sr":1},{"ddd":0,"ind":7,"ty":4,"nm":"Layer 7","ks":{"p":{"a":0,"k":[9,17.499]},"a":{"a":0,"k":[0,0,0]},"s":{"a":0,"k":[100,100,100]},"r":{"a":0,"k":90},"o":{"a":0,"k":100}},"ao":0,"shapes":[],"ip":0,"op":60,"st":0,"bm":0,"sr":1},{"ddd":0,"ind":6,"ty":4,"nm":"Layer 6","ks":{"p":{"a":0,"k":[14,17.499]},"a":{"a":0,"k":[0,0,0]},"s":{"a":0,"k":[100,100,100]},"r":{"a":0,"k":90},"o":{"a":0,"k":100}},"ao":0,"shapes":[],"ip":0,"op":60,"st":0,"bm":0,"sr":1},{"ddd":0,"ind":5,"ty":4,"nm":"Layer 5","ks":{"p":{"a":0,"k":[11,16.498]},"a":{"a":0,"k":[0,0,0]},"s":{"a":0,"k":[100,100,100]},"r":{"a":0,"k":90},"o":{"a":0,"k":100}},"ao":0,"shapes":[],"ip":0,"op":60,"st":0,"bm":0,"sr":1},{"ddd":0,"ind":4,"ty":4,"nm":"Layer 4","ks":{"p":{"a":0,"k":[19,17.499]},"a":{"a":0,"k":[0,0,0]},"s":{"a":0,"k":[100,100,100]},"r":{"a":0,"k":90},"o":{"a":0,"k":100}},"ao":0,"shapes":[],"ip":0,"op":60,"st":0,"bm":0,"sr":1},{"ddd":0,"ind":3,"ty":4,"nm":"Layer 3","ks":{"p":{"a":0,"k":[12.576,15.998]},"a":{"a":0,"k":[0,0,0]},"s":{"a":0,"k":[100,100,100]},"r":{"a":0,"k":0},"o":{"a":0,"k":100}},"ao":0,"shapes":[],"ip":0,"op":60,"st":0,"bm":0,"sr":1},{"ddd":0,"ind":2,"ty":4,"nm":"Layer 2","ks":{"p":{"a":0,"k":[6,15.998]},"a":{"a":0,"k":[0,0,0]},"s":{"a":0,"k":[100,100,100]},"r":{"a":0,"k":90},"o":{"a":0,"k":100}},"ao":0,"shapes":[],"ip":0,"op":60,"st":0,"bm":0,"sr":1},{"ddd":0,"ind":1,"ty":4,"nm":"Layer 1","ks":{"p":{"a":0,"k":[0,0]},"a":{"a":0,"k":[0,0,0]},"s":{"a":0,"k":[100,100,100]},"r":{"a":0,"k":0},"o":{"a":0,"k":100}},"ao":0,"shapes":[{"ty":"gr","it":[{"ty":"sh","d":1,"ks":{"a":1,"k":[{"i":{"x":[0.58],"y":[1]},"o":{"x":[0.42],"y":[0]},"t":0,"s":[{"i":[[0,0],[0,0],[0,-0.276],[0,0],[0.276,0],[0,0],[0,0.276],[0,0],[-0.276,0]],"o":[[0,0],[0.276,0],[0,0],[0,0.276],[0,0],[-0.276,0],[0,0],[0,-0.276],[0,0]],"v":[[0.5,0],[2.5,0],[3,0.5],[3,13.5],[2.5,14],[0.5,14],[0,13.5],[0,0.5],[0.5,0]],"c":true}],"e":[{"i":[[0,0],[0,0],[0,-0.276],[0,0],[0.276,0],[0,0],[0,0.276],[0,0],[-0.276,0]],"o":[[0,0],[0.276,0],[0,0],[0,0.276],[0,0],[-0.276,0],[0,0],[0,-0.277],[0,0]],"v":[[0.503,9.365],[2.503,9.365],[3.003,9.865],[3,13.5],[2.5,14],[0.5,14],[0,13.5],[0.003,9.865],[0.503,9.365]],"c":true}]},{"i":{"x":[0.58],"y":[1]},"o":{"x":[0.42],"y":[0]},"t":19,"s":[{"i":[[0,0],[0,0],[0,-0.276],[0,0],[0.276,0],[0,0],[0,0.276],[0,0],[-0.276,0]],"o":[[0,0],[0.276,0],[0,0],[0,0.276],[0,0],[-0.276,0],[0,0],[0,-0.277],[0,0]],"v":[[0.503,9.365],[2.503,9.365],[3.003,9.865],[3,13.5],[2.5,14],[0.5,14],[0,13.5],[0.003,9.865],[0.503,9.365]],"c":true}],"e":[{"i":[[0,0],[0,0],[0,-0.276],[0,0],[0.276,0],[0,0],[0,0.276],[0,0],[-0.276,0]],"o":[[0,0],[0.276,0],[0,0],[0,0.276],[0,0],[-0.276,0],[0,0],[0,-0.276],[0,0]],"v":[[0.503,6],[2.503,6],[3.003,6.5],[3,13.5],[2.5,14],[0.5,14],[0,13.5],[0.003,6.5],[0.503,6]],"c":true}]},{"i":{"x":[0.58],"y":[1]},"o":{"x":[0.42],"y":[0]},"t":39,"s":[{"i":[[0,0],[0,0],[0,-0.276],[0,0],[0.276,0],[0,0],[0,0.276],[0,0],[-0.276,0]],"o":[[0,0],[0.276,0],[0,0],[0,0.276],[0,0],[-0.276,0],[0,0],[0,-0.276],[0,0]],"v":[[0.503,6],[2.503,6],[3.003,6.5],[3,13.5],[2.5,14],[0.5,14],[0,13.5],[0.003,6.5],[0.503,6]],"c":true}],"e":[{"i":[[0,0],[0,0],[0,-0.276],[0,0],[0.276,0],[0,0],[0,0.276],[0,0],[-0.276,0]],"o":[[0,0],[0.276,0],[0,0],[0,0.276],[0,0],[-0.276,0],[0,0],[0,-0.276],[0,0]],"v":[[0.503,0],[2.503,0],[3.003,0.5],[3,13.5],[2.5,14],[0.5,14],[0,13.5],[0.003,0.5],[0.503,0]],"c":true}]},{"t":60}],"nm":"Name","mn":"ADBE Vector Shape - Group","hd":false}},{"ty":"fl","c":{"a":0,"k":[1,1,1,1]},"nm":"Fill 1","mn":"ADBE Vector Graphic - Fill","hd":false,"o":{"a":0,"k":100},"r":1},{"ty":"tr","p":{"a":0,"k":[0,0]},"a":{"a":0,"k":[-6,-5]},"s":{"a":0,"k":[100,100]},"r":{"a":0,"k":0},"o":{"a":0,"k":100},"sk":{"a":0,"k":0},"sa":{"a":0,"k":0,"ix":5},"nm":"Transform"}],"nm":"Bar One","mn":"ADBE Vector Group","hd":false},{"ty":"gr","it":[{"ty":"sh","d":1,"ks":{"a":1,"k":[{"i":{"x":[0.58],"y":[1]},"o":{"x":[0.42],"y":[0]},"t":0,"s":[{"i":[[0,0],[0,0],[0,-0.276],[0,0],[0.276,0],[0,0],[0,0.276],[0,0],[-0.276,0]],"o":[[0,0],[0.276,0],[0,0],[0,0.276],[0,0],[-0.276,0],[0,0],[0,-0.276],[0,0]],"v":[[0.5,0],[2.5,0],[3,0.5],[3,7.5],[2.5,8],[0.5,8],[0,7.5],[0,0.5],[0.5,0]],"c":true}],"e":[{"i":[[0,0],[0,0],[0,-0.276],[0,0],[0.276,0],[0,0],[0,0.276],[0,0],[-0.276,0]],"o":[[0,0],[0.276,0],[0,0],[0,0.276],[0,0],[-0.276,0],[0,0],[0,-0.276],[0,0]],"v":[[0.5,-4],[2.5,-4],[3,-3.5],[3,7.5],[2.5,8],[0.5,8],[0,7.5],[0,-3.5],[0.5,-4]],"c":true}]},{"i":{"x":[0.58],"y":[1]},"o":{"x":[0.42],"y":[0]},"t":19,"s":[{"i":[[0,0],[0,0],[0,-0.276],[0,0],[0.276,0],[0,0],[0,0.276],[0,0],[-0.276,0]],"o":[[0,0],[0.276,0],[0,0],[0,0.276],[0,0],[-0.276,0],[0,0],[0,-0.276],[0,0]],"v":[[0.5,-4],[2.5,-4],[3,-3.5],[3,7.5],[2.5,8],[0.5,8],[0,7.5],[0,-3.5],[0.5,-4]],"c":true}],"e":[{"i":[[0,0],[0,0],[0,-0.276],[0,0],[0.276,0],[0,0],[0,0.276],[0,0],[-0.276,0]],"o":[[0,0],[0.276,0],[0,0],[0,0.276],[0,0],[-0.276,0],[0,0],[0,-0.276],[0,0]],"v":[[0.5,3.999],[2.5,3.999],[3,4.499],[3,7.5],[2.5,8],[0.5,8],[0,7.5],[0,4.499],[0.5,3.999]],"c":true}]},{"i":{"x":[0.58],"y":[1]},"o":{"x":[0.42],"y":[0]},"t":39,"s":[{"i":[[0,0],[0,0],[0,-0.276],[0,0],[0.276,0],[0,0],[0,0.276],[0,0],[-0.276,0]],"o":[[0,0],[0.276,0],[0,0],[0,0.276],[0,0],[-0.276,0],[0,0],[0,-0.276],[0,0]],"v":[[0.5,3.999],[2.5,3.999],[3,4.499],[3,7.5],[2.5,8],[0.5,8],[0,7.5],[0,4.499],[0.5,3.999]],"c":true}],"e":[{"i":[[0,0],[0,0],[0,-0.276],[0,0],[0.276,0],[0,0],[0,0.276],[0,0],[-0.276,0]],"o":[[0,0],[0.276,0],[0,0],[0,0.276],[0,0],[-0.276,0],[0,0],[0,-0.276],[0,0]],"v":[[0.5,0],[2.5,0],[3,0.5],[3,7.5],[2.5,8],[0.5,8],[0,7.5],[0,0.5],[0.5,0]],"c":true}]},{"t":60}],"nm":"Name","mn":"ADBE Vector Shape - Group","hd":false}},{"ty":"fl","c":{"a":1,"k":[{"t":0,"s":[1,1,1,1],"i":{"x":[0.833],"y":[0.833]},"o":{"x":[0.167],"y":[0.167]},"e":[1,1,1,1]},{"t":11}]},"nm":"Fill 1","mn":"ADBE Vector Graphic - Fill","hd":false,"o":{"a":0,"k":100},"r":2},{"ty":"tr","p":{"a":0,"k":[0,0]},"a":{"a":0,"k":[-11,-11]},"s":{"a":0,"k":[100,100]},"r":{"a":0,"k":0},"o":{"a":0,"k":100},"sk":{"a":0,"k":0},"sa":{"a":0,"k":0,"ix":5},"nm":"Transform"}],"nm":"Bar Two","mn":"ADBE Vector Group","hd":false},{"ty":"gr","it":[{"ty":"sh","d":1,"ks":{"a":1,"k":[{"i":{"x":[0.58],"y":[1]},"o":{"x":[0.42],"y":[0]},"t":0,"s":[{"i":[[0,0],[0,0],[0,-0.276],[0,0],[0.276,0],[0,0],[0,0.276],[0,0],[-0.276,0]],"o":[[0,0],[0.276,0],[0,0],[0,0.276],[0,0],[-0.276,0],[0,0],[0,-0.276],[0,0]],"v":[[0.5,0],[2.5,0],[3,0.5],[3,9.5],[2.5,10],[0.5,10],[0,9.5],[0,0.5],[0.5,0]],"c":true}],"e":[{"i":[[0,0],[0,0],[0,-0.276],[0,0],[0.276,0],[0,0],[0,0.276],[0,0],[-0.276,0]],"o":[[0,0],[0.276,0],[0,0],[0,0.276],[0,0],[-0.276,0],[0,0],[0,-0.276],[0,0]],"v":[[0.506,3.997],[2.506,3.997],[3.006,4.497],[3,9.5],[2.5,10],[0.5,10],[0,9.5],[0.006,4.497],[0.506,3.997]],"c":true}]},{"i":{"x":[0.58],"y":[1]},"o":{"x":[0.42],"y":[0]},"t":19,"s":[{"i":[[0,0],[0,0],[0,-0.276],[0,0],[0.276,0],[0,0],[0,0.276],[0,0],[-0.276,0]],"o":[[0,0],[0.276,0],[0,0],[0,0.276],[0,0],[-0.276,0],[0,0],[0,-0.276],[0,0]],"v":[[0.506,3.997],[2.506,3.997],[3.006,4.497],[3,9.5],[2.5,10],[0.5,10],[0,9.5],[0.006,4.497],[0.506,3.997]],"c":true}],"e":[{"i":[[0,0],[0,0],[0,-0.276],[0,0],[0.276,0],[0,0],[0,0.276],[0,0],[-0.276,0]],"o":[[0,0],[0.276,0],[0,0],[0,0.276],[0,0],[-0.276,0],[0,0],[0,-0.276],[0,0]],"v":[[0.5,-2],[2.5,-2],[3,-1.5],[3,9.5],[2.5,10],[0.5,10],[0,9.5],[0,-1.5],[0.5,-2]],"c":true}]},{"i":{"x":[0.58],"y":[1]},"o":{"x":[0.42],"y":[0]},"t":39,"s":[{"i":[[0,0],[0,0],[0,-0.276],[0,0],[0.276,0],[0,0],[0,0.276],[0,0],[-0.276,0]],"o":[[0,0],[0.276,0],[0,0],[0,0.276],[0,0],[-0.276,0],[0,0],[0,-0.276],[0,0]],"v":[[0.5,-2],[2.5,-2],[3,-1.5],[3,9.5],[2.5,10],[0.5,10],[0,9.5],[0,-1.5],[0.5,-2]],"c":true}],"e":[{"i":[[0,0],[0,0],[0,-0.276],[0,0],[0.276,0],[0,0],[0,0.276],[0,0],[-0.276,0]],"o":[[0,0],[0.276,0],[0,0],[0,0.276],[0,0],[-0.276,0],[0,0],[0,-0.276],[0,0]],"v":[[0.5,0],[2.5,0],[3,0.5],[3,9.5],[2.5,10],[0.5,10],[0,9.5],[0,0.5],[0.5,0]],"c":true}]},{"t":60}],"nm":"Name","mn":"ADBE Vector Shape - Group","hd":false}},{"ty":"fl","c":{"a":1,"k":[{"t":0,"s":[1,1,1,1],"i":{"x":[0.833],"y":[0.833]},"o":{"x":[0.167],"y":[0.167]},"e":[1,1,1,1]},{"t":11}]},"nm":"Fill 1","mn":"ADBE Vector Graphic - Fill","hd":false,"o":{"a":0,"k":100},"r":1},{"ty":"tr","p":{"a":0,"k":[0,0]},"a":{"a":0,"k":[-16,-9]},"s":{"a":0,"k":[100,100]},"r":{"a":0,"k":0},"o":{"a":0,"k":100},"sk":{"a":0,"k":0},"sa":{"a":0,"k":0,"ix":5},"nm":"Transform"}],"nm":"Bar Three","mn":"ADBE Vector Group","hd":false}],"ip":0,"op":60,"st":0,"bm":0,"sr":1}]}